{
"baseWidths": {
    "A": 14.9296875,
      "B": 15.671875,
      "C": 16.078125,
      "D": 16.8046875,
      "E": 14.015625,
      "F": 13.421875,
      "G": 16.875,
      "H": 17.59375,
      "I": 6.671875,
      "J": 9.890625,
      "K": 15.046875,
      "L": 11.59375,
      "M": 20.265625,
      "N": 18.3203125,
      "O": 17.3359375,
      "P": 14.203125,
      "Q": 17.3359375,
      "R": 15,
      "S": 14.4296875,
      "T": 12.53125,
      "U": 16.6796875,
      "V": 14.359375,
      "W": 21.6015625,
      "X": 13.875,
      "Y": 14.109375,
      "Z": 13.375,
      "a": 12.0703125,
      "b": 13.46875,
      "c": 12.2734375,
      "d": 13.46875,
      "e": 12.578125,
      "f": 7.8515625,
      "g": 13.125,
      "h": 12.984375,
      "i": 5.5703125,
      "j": 5.8046875,
      "k": 12.5078125,
      "l": 6.34375,
      "m": 19.5390625,
      "n": 12.984375,
      "o": 13.1953125,
      "p": 13.46875,
      "q": 13.46875,
      "r": 8.4296875,
      "s": 11.0390625,
      "t": 8.859375,
      "u": 12.984375,
      "v": 11.359375,
      "w": 17.15625,
      "x": 11.2265625,
      "y": 11.203125,
      "z": 10.8984375,
      " ": 4.75,
      "-": 6,
      "_": 12,
      "(": 9.296875,
      ")": 9.296875,
      "|": 6.0703125,
      "!": 6.4609375,
      ",": 6.53125,
      ".": 6.34375,
      "'": 5.6875,
      ":": 6.34375,
      ";": 6.53125,
      "$": 14.40625,
      "£": 13.703125,
      "€": 15.5078125,
      "%": 19.5390625,
      "*": 12,
      "#": 16.328125,
      "1": 8.859375,
      "2": 14.2890625,
      "3": 14.3828125,
      "4": 15.1875,
      "5": 14.1796875,
      "6": 14.8125,
      "7": 12.671875,
      "8": 14.640625,
      "9": 14.7890625,
      "0": 15.0703125
  },
  "fontSizes": 
  {
    "24": {"widthFactor": 1, "height": 29.5 },
    "19": {"widthFactor": 0.792, "height": 23.5},
    "16": {"widthFactor": 0.667, "height": 20}
  }
}